{
    "release": {
        "id": "acs2017_1yr",
        "name": "ACS 2017 1-year",
        "years": "2017"
    },
    "tables": {
        "B08006": {
            "title": "Sex of Workers by Means of Transportation to Work",
            "universe": "Workers 16 Years and Over",
            "denominator_column_id": "B08006001",
            "columns": {
                "B08006001": {
                    "name": "Total:",
                    "indent": 0
                },
                "B08006002": {
                    "name": "Car, truck, or van:",
                    "indent": 2
                },
                "B08006003": {
                    "name": "Drove alone",
                    "indent": 3
                },
                "B08006004": {
                    "name": "Carpooled:",
                    "indent": 3
                },
                "B08006005": {
                    "name": "In 2-person carpool",
                    "indent": 4
                },
                "B08006006": {
                    "name": "In 3-person carpool",
                    "indent": 4
                },
                "B08006007": {
                    "name": "In 4-or-more-person carpool",
                    "indent": 4
                },
                "B08006008": {
                    "name": "Public transportation (excluding taxicab):",
                    "indent": null
                },
                "B08006009": {
                    "name": "Bus or trolley bus",
                    "indent": null
                },
                "B08006010": {
                    "name": "Streetcar or trolley car (carro publico in Puerto Rico)",
                    "indent": null
                },
                "B08006011": {
                    "name": "Subway or elevated",
                    "indent": null
                },
                "B08006012": {
                    "name": "Railroad",
                    "indent": null
                },
                "B08006013": {
                    "name": "Ferryboat",
                    "indent": null
                },
                "B08006014": {
                    "name": "Bicycle",
                    "indent": null
                },
                "B08006015": {
                    "name": "Walked",
                    "indent": null
                },
                "B08006016": {
                    "name": "Taxicab, motorcycle, or other means",
                    "indent": null
                },
                "B08006017": {
                    "name": "Worked at home",
                    "indent": null
                },
                "B08006018": {
                    "name": "Male:",
                    "indent": null
                },
                "B08006019": {
                    "name": "Car, truck, or van:",
                    "indent": null
                },
                "B08006020": {
                    "name": "Drove alone",
                    "indent": null
                },
                "B08006021": {
                    "name": "Carpooled:",
                    "indent": null
                },
                "B08006022": {
                    "name": "In 2-person carpool",
                    "indent": null
                },
                "B08006023": {
                    "name": "In 3-person carpool",
                    "indent": null
                },
                "B08006024": {
                    "name": "In 4-or-more-person carpool",
                    "indent": null
                },
                "B08006025": {
                    "name": "Public transportation (excluding taxicab):",
                    "indent": null
                },
                "B08006026": {
                    "name": "Bus or trolley bus",
                    "indent": null
                },
                "B08006027": {
                    "name": "Streetcar or trolley car (carro publico in Puerto Rico)",
                    "indent": null
                },
                "B08006028": {
                    "name": "Subway or elevated",
                    "indent": null
                },
                "B08006029": {
                    "name": "Railroad",
                    "indent": null
                },
                "B08006030": {
                    "name": "Ferryboat",
                    "indent": null
                },
                "B08006031": {
                    "name": "Bicycle",
                    "indent": null
                },
                "B08006032": {
                    "name": "Walked",
                    "indent": null
                },
                "B08006033": {
                    "name": "Taxicab, motorcycle, or other means",
                    "indent": null
                },
                "B08006034": {
                    "name": "Worked at home",
                    "indent": null
                },
                "B08006035": {
                    "name": "Female:",
                    "indent": null
                },
                "B08006036": {
                    "name": "Car, truck, or van:",
                    "indent": null
                },
                "B08006037": {
                    "name": "Drove alone",
                    "indent": null
                },
                "B08006038": {
                    "name": "Carpooled:",
                    "indent": null
                },
                "B08006039": {
                    "name": "In 2-person carpool",
                    "indent": null
                },
                "B08006040": {
                    "name": "In 3-person carpool",
                    "indent": null
                },
                "B08006041": {
                    "name": "In 4-or-more-person carpool",
                    "indent": null
                },
                "B08006042": {
                    "name": "Public transportation (excluding taxicab):",
                    "indent": null
                },
                "B08006043": {
                    "name": "Bus or trolley bus",
                    "indent": null
                },
                "B08006044": {
                    "name": "Streetcar or trolley car (carro publico in Puerto Rico)",
                    "indent": null
                },
                "B08006045": {
                    "name": "Subway or elevated",
                    "indent": null
                },
                "B08006046": {
                    "name": "Railroad",
                    "indent": null
                },
                "B08006047": {
                    "name": "Ferryboat",
                    "indent": null
                },
                "B08006048": {
                    "name": "Bicycle",
                    "indent": null
                },
                "B08006049": {
                    "name": "Walked",
                    "indent": null
                },
                "B08006050": {
                    "name": "Taxicab, motorcycle, or other means",
                    "indent": null
                },
                "B08006051": {
                    "name": "Worked at home",
                    "indent": null
                }
            }
        }
    }
}