{
    "release": {
        "id": "acs2017_1yr",
        "name": "ACS 2017 1-year",
        "years": "2017"
    },
    "tables": {
        "B25075": {
            "title": "Value",
            "universe": "Owner-Occupied Housing Units",
            "denominator_column_id": "B25075001",
            "columns": {
                "B25075001": {
                    "name": "Total:",
                    "indent": 0
                },
                "B25075002": {
                    "name": "Less than $10,000",
                    "indent": 1
                },
                "B25075003": {
                    "name": "$10,000 to $14,999",
                    "indent": 1
                },
                "B25075004": {
                    "name": "$15,000 to $19,999",
                    "indent": 1
                },
                "B25075005": {
                    "name": "$20,000 to $24,999",
                    "indent": 1
                },
                "B25075006": {
                    "name": "$25,000 to $29,999",
                    "indent": 1
                },
                "B25075007": {
                    "name": "$30,000 to $34,999",
                    "indent": 1
                },
                "B25075008": {
                    "name": "$35,000 to $39,999",
                    "indent": 1
                },
                "B25075009": {
                    "name": "$40,000 to $49,999",
                    "indent": 1
                },
                "B25075010": {
                    "name": "$50,000 to $59,999",
                    "indent": 1
                },
                "B25075011": {
                    "name": "$60,000 to $69,999",
                    "indent": 1
                },
                "B25075012": {
                    "name": "$70,000 to $79,999",
                    "indent": 1
                },
                "B25075013": {
                    "name": "$80,000 to $89,999",
                    "indent": 1
                },
                "B25075014": {
                    "name": "$90,000 to $99,999",
                    "indent": 1
                },
                "B25075015": {
                    "name": "$100,000 to $124,999",
                    "indent": 1
                },
                "B25075016": {
                    "name": "$125,000 to $149,999",
                    "indent": 1
                },
                "B25075017": {
                    "name": "$150,000 to $174,999",
                    "indent": 1
                },
                "B25075018": {
                    "name": "$175,000 to $199,999",
                    "indent": 1
                },
                "B25075019": {
                    "name": "$200,000 to $249,999",
                    "indent": 1
                },
                "B25075020": {
                    "name": "$250,000 to $299,999",
                    "indent": 1
                },
                "B25075021": {
                    "name": "$300,000 to $399,999",
                    "indent": 1
                },
                "B25075022": {
                    "name": "$400,000 to $499,999",
                    "indent": 1
                },
                "B25075023": {
                    "name": "$500,000 to $749,999",
                    "indent": 1
                },
                "B25075024": {
                    "name": "$750,000 to $999,999",
                    "indent": 1
                },
                "B25075025": {
                    "name": "$1,000,000 to $1,499,999",
                    "indent": 1
                },
                "B25075026": {
                    "name": "$1,500,000 to $1,999,999",
                    "indent": 1
                },
                "B25075027": {
                    "name": "$2,000,000 or more",
                    "indent": 1
                }
            }
        }
    }
}