ID Age,Age,ID Gender,Gender,ID Year,Year,ID Poverty Status,Poverty Status,Poverty Population,Poverty Population Moe,Geography,ID Geography,Slug Geography,share
3,"12 to 14 Years",0,"Male",2017,"2017",0,"Income In The Past 12 Months Below Poverty Level",3121,558,"Austin, TX","16000US4805000","austin-tx",0.022571126892980603
12,"75 Years & Over",1,"Female",2017,"2017",0,"Income In The Past 12 Months Below Poverty Level",1563,243,"Austin, TX","16000US4805000","austin-tx",0.011303643490460969
12,"75 Years & Over",0,"Male",2017,"2017",0,"Income In The Past 12 Months Below Poverty Level",854,169,"Austin, TX","16000US4805000","austin-tx",0.006176143020379826
0,"Under 5 Years",1,"Female",2017,"2017",0,"Income In The Past 12 Months Below Poverty Level",6840,784,"Austin, TX","16000US4805000","austin-tx",0.04946700030374474
11,"65 to 74 Years",1,"Female",2017,"2017",0,"Income In The Past 12 Months Below Poverty Level",2722,406,"Austin, TX","16000US4805000","austin-tx",0.01968555187526216
1,"5 Years",0,"Male",2017,"2017",0,"Income In The Past 12 Months Below Poverty Level",1078,213,"Austin, TX","16000US4805000","austin-tx",0.007796114960151583
11,"65 to 74 Years",0,"Male",2017,"2017",0,"Income In The Past 12 Months Below Poverty Level",2150,405,"Austin, TX","16000US4805000","austin-tx",0.015548837814773566
1,"5 Years",1,"Female",2017,"2017",0,"Income In The Past 12 Months Below Poverty Level",1360,342,"Austin, TX","16000US4805000","austin-tx",0.009835543920042813
10,"55 to 64 Years",1,"Female",2017,"2017",0,"Income In The Past 12 Months Below Poverty Level",4335,482,"Austin, TX","16000US4805000","austin-tx",0.03135079624513647
2,"6 to 11 Years",0,"Male",2017,"2017",0,"Income In The Past 12 Months Below Poverty Level",7420,736,"Austin, TX","16000US4805000","austin-tx",0.05366157050493947
10,"55 to 64 Years",0,"Male",2017,"2017",0,"Income In The Past 12 Months Below Poverty Level",3816,489,"Austin, TX","16000US4805000","austin-tx",0.027597379116826012
2,"6 to 11 Years",1,"Female",2017,"2017",0,"Income In The Past 12 Months Below Poverty Level",6857,718,"Austin, TX","16000US4805000","austin-tx",0.049589944602745274
9,"45 to 54 Years",1,"Female",2017,"2017",0,"Income In The Past 12 Months Below Poverty Level",6084,582,"Austin, TX","16000US4805000","austin-tx",0.04399959500701506
0,"Under 5 Years",0,"Male",2017,"2017",0,"Income In The Past 12 Months Below Poverty Level",6840,869.9999999999999,"Austin, TX","16000US4805000","austin-tx",0.04946700030374474
9,"45 to 54 Years",0,"Male",2017,"2017",0,"Income In The Past 12 Months Below Poverty Level",5030,671,"Austin, TX","16000US4805000","austin-tx",0.036377048468981876
3,"12 to 14 Years",1,"Female",2017,"2017",0,"Income In The Past 12 Months Below Poverty Level",2396,389,"Austin, TX","16000US4805000","austin-tx",0.017327914141487193
8,"35 to 44 Years",1,"Female",2017,"2017",0,"Income In The Past 12 Months Below Poverty Level",7753,629,"Austin, TX","16000US4805000","austin-tx",0.05606983236183231
4,"15 Years",0,"Male",2017,"2017",0,"Income In The Past 12 Months Below Poverty Level",790,224,"Austin, TX","16000US4805000","austin-tx",0.005713293894730752
8,"35 to 44 Years",0,"Male",2017,"2017",0,"Income In The Past 12 Months Below Poverty Level",6175,672,"Austin, TX","16000US4805000","austin-tx",0.044657708607547336
4,"15 Years",1,"Female",2017,"2017",0,"Income In The Past 12 Months Below Poverty Level",1067,225.99999999999997,"Austin, TX","16000US4805000","austin-tx",0.007716562766680648
7,"25 to 34 Years",1,"Female",2017,"2017",0,"Income In The Past 12 Months Below Poverty Level",14506,869.9999999999999,"Austin, TX","16000US4805000","austin-tx",0.10490764713539784
5,"16 & 17 Years",0,"Male",2017,"2017",0,"Income In The Past 12 Months Below Poverty Level",1760,374,"Austin, TX","16000US4805000","austin-tx",0.012728350955349523
7,"25 to 34 Years",0,"Male",2017,"2017",0,"Income In The Past 12 Months Below Poverty Level",11247,925,"Austin, TX","16000US4805000","austin-tx",0.08133850181523641
5,"16 & 17 Years",1,"Female",2017,"2017",0,"Income In The Past 12 Months Below Poverty Level",1569,351,"Austin, TX","16000US4805000","austin-tx",0.01134703559599057
6,"18 to 24 Years",1,"Female",2017,"2017",0,"Income In The Past 12 Months Below Poverty Level",16580,996,"Austin, TX","16000US4805000","austin-tx",0.11990685161346312
6,"18 to 24 Years",0,"Male",2017,"2017",0,"Income In The Past 12 Months Below Poverty Level",14361,898.9999999999999,"Austin, TX","16000US4805000","austin-tx",0.10385900458509915
3,"12 to 14 Years",0,"Male",2016,"2016",0,"Income In The Past 12 Months Below Poverty Level",3083,480.00000000000006,"Austin, TX","16000US4805000","austin-tx",0.020842206312829147
11,"65 to 74 Years",0,"Male",2016,"2016",0,"Income In The Past 12 Months Below Poverty Level",1561,296,"Austin, TX","16000US4805000","austin-tx",0.010552930280352351
1,"5 Years",1,"Female",2016,"2016",0,"Income In The Past 12 Months Below Poverty Level",1547,299,"Austin, TX","16000US4805000","austin-tx",0.010458285165730356
9,"45 to 54 Years",0,"Male",2016,"2016",0,"Income In The Past 12 Months Below Poverty Level",5855,685,"Austin, TX","16000US4805000","austin-tx",0.03958193900798399
3,"12 to 14 Years",1,"Female",2016,"2016",0,"Income In The Past 12 Months Below Poverty Level",2673,401,"Austin, TX","16000US4805000","austin-tx",0.018070456527470743
12,"75 Years & Over",1,"Female",2016,"2016",0,"Income In The Past 12 Months Below Poverty Level",1806,265,"Austin, TX","16000US4805000","austin-tx",0.012209219786237248
0,"Under 5 Years",0,"Male",2016,"2016",0,"Income In The Past 12 Months Below Poverty Level",8248,809,"Austin, TX","16000US4805000","austin-tx",0.05575949324301485
8,"35 to 44 Years",1,"Female",2016,"2016",0,"Income In The Past 12 Months Below Poverty Level",8672,691,"Austin, TX","16000US4805000","austin-tx",0.05862588814299525
4,"15 Years",0,"Male",2016,"2016",0,"Income In The Past 12 Months Below Poverty Level",797,212,"Austin, TX","16000US4805000","austin-tx",0.005388011168123525
10,"55 to 64 Years",1,"Female",2016,"2016",0,"Income In The Past 12 Months Below Poverty Level",4390,531,"Austin, TX","16000US4805000","austin-tx",0.029678003799325316
2,"6 to 11 Years",0,"Male",2016,"2016",0,"Income In The Past 12 Months Below Poverty Level",8814,776,"Austin, TX","16000US4805000","austin-tx",0.059585860019875474
8,"35 to 44 Years",0,"Male",2016,"2016",0,"Income In The Past 12 Months Below Poverty Level",6624,672,"Austin, TX","16000US4805000","austin-tx",0.044780659946863526
4,"15 Years",1,"Female",2016,"2016",0,"Income In The Past 12 Months Below Poverty Level",952,204,"Austin, TX","16000US4805000","austin-tx",0.006435867794295604
11,"65 to 74 Years",1,"Female",2016,"2016",0,"Income In The Past 12 Months Below Poverty Level",2279,366,"Austin, TX","16000US4805000","austin-tx",0.015406872587394623
1,"5 Years",0,"Male",2016,"2016",0,"Income In The Past 12 Months Below Poverty Level",1247,236,"Austin, TX","16000US4805000","austin-tx",0.008430175566687624
7,"25 to 34 Years",1,"Female",2016,"2016",0,"Income In The Past 12 Months Below Poverty Level",15449,1008.9999999999999,"Austin, TX","16000US4805000","austin-tx",0.10444088398537058
5,"16 & 17 Years",0,"Male",2016,"2016",0,"Income In The Past 12 Months Below Poverty Level",1513,358,"Austin, TX","16000US4805000","austin-tx",0.010228432744505514
10,"55 to 64 Years",0,"Male",2016,"2016",0,"Income In The Past 12 Months Below Poverty Level",3773,485.00000000000006,"Austin, TX","16000US4805000","austin-tx",0.02550685839062743
2,"6 to 11 Years",1,"Female",2016,"2016",0,"Income In The Past 12 Months Below Poverty Level",7663,622,"Austin, TX","16000US4805000","austin-tx",0.051804679524881526
7,"25 to 34 Years",0,"Male",2016,"2016",0,"Income In The Past 12 Months Below Poverty Level",11536,1046,"Austin, TX","16000US4805000","austin-tx",0.0779875744485232
5,"16 & 17 Years",1,"Female",2016,"2016",0,"Income In The Past 12 Months Below Poverty Level",1819,314,"Austin, TX","16000US4805000","austin-tx",0.0122971045355291
12,"75 Years & Over",0,"Male",2016,"2016",0,"Income In The Past 12 Months Below Poverty Level",775,163,"Austin, TX","16000US4805000","austin-tx",0.005239283130860392
0,"Under 5 Years",1,"Female",2016,"2016",0,"Income In The Past 12 Months Below Poverty Level",7195,737,"Austin, TX","16000US4805000","austin-tx",0.04864082855037486
6,"18 to 24 Years",1,"Female",2016,"2016",0,"Income In The Past 12 Months Below Poverty Level",17716,1085,"Austin, TX","16000US4805000","austin-tx",0.11976663218880348
6,"18 to 24 Years",0,"Male",2016,"2016",0,"Income In The Past 12 Months Below Poverty Level",15945,1078,"Austin, TX","16000US4805000","austin-tx",0.10779402518912122
9,"45 to 54 Years",1,"Female",2016,"2016",0,"Income In The Past 12 Months Below Poverty Level",5989,514,"Austin, TX","16000US4805000","austin-tx",0.040487827962223076
9,"45 to 54 Years",1,"Female",2015,"2015",0,"Income In The Past 12 Months Below Poverty Level",6152,563,"Austin, TX","16000US4805000","austin-tx",0.0393952395284354
0,"Under 5 Years",0,"Male",2015,"2015",0,"Income In The Past 12 Months Below Poverty Level",8323,725,"Austin, TX","16000US4805000","austin-tx",0.05329755828920153
6,"18 to 24 Years",1,"Female",2015,"2015",0,"Income In The Past 12 Months Below Poverty Level",20026,933,"Austin, TX","16000US4805000","austin-tx",0.12823944518797908
6,"18 to 24 Years",0,"Male",2015,"2015",0,"Income In The Past 12 Months Below Poverty Level",17255,979.9999999999999,"Austin, TX","16000US4805000","austin-tx",0.11049493791663732
12,"75 Years & Over",1,"Female",2015,"2015",0,"Income In The Past 12 Months Below Poverty Level",1750,271,"Austin, TX","16000US4805000","austin-tx",0.01120638315584557
0,"Under 5 Years",1,"Female",2015,"2015",0,"Income In The Past 12 Months Below Poverty Level",7547,751,"Austin, TX","16000US4805000","austin-tx",0.04832832781552372
7,"25 to 34 Years",0,"Male",2015,"2015",0,"Income In The Past 12 Months Below Poverty Level",11965,862,"Austin, TX","16000US4805000","austin-tx",0.07661964254839557
5,"16 & 17 Years",1,"Female",2015,"2015",0,"Income In The Past 12 Months Below Poverty Level",1862,357,"Austin, TX","16000US4805000","austin-tx",0.011923591677819687
12,"75 Years & Over",0,"Male",2015,"2015",0,"Income In The Past 12 Months Below Poverty Level",774,187,"Austin, TX","16000US4805000","austin-tx",0.0049564231786425545
1,"5 Years",0,"Male",2015,"2015",0,"Income In The Past 12 Months Below Poverty Level",1314,255,"Austin, TX","16000US4805000","austin-tx",0.008414392838160617
7,"25 to 34 Years",1,"Female",2015,"2015",0,"Income In The Past 12 Months Below Poverty Level",15696,912.0000000000001,"Austin, TX","16000US4805000","austin-tx",0.10051165143665831
5,"16 & 17 Years",0,"Male",2015,"2015",0,"Income In The Past 12 Months Below Poverty Level",1689,303,"Austin, TX","16000US4805000","austin-tx",0.010815760657270381
11,"65 to 74 Years",1,"Female",2015,"2015",0,"Income In The Past 12 Months Below Poverty Level",1985,327,"Austin, TX","16000US4805000","austin-tx",0.01271124032248769
1,"5 Years",1,"Female",2015,"2015",0,"Income In The Past 12 Months Below Poverty Level",1634,391,"Austin, TX","16000US4805000","austin-tx",0.01046356004380095
8,"35 to 44 Years",0,"Male",2015,"2015",0,"Income In The Past 12 Months Below Poverty Level",7202,629,"Austin, TX","16000US4805000","austin-tx",0.046119069421942736
4,"15 Years",1,"Female",2015,"2015",0,"Income In The Past 12 Months Below Poverty Level",935,213,"Austin, TX","16000US4805000","austin-tx",0.005987410428980347
11,"65 to 74 Years",0,"Male",2015,"2015",0,"Income In The Past 12 Months Below Poverty Level",1500,274,"Austin, TX","16000US4805000","austin-tx",0.00960547127643906
2,"6 to 11 Years",0,"Male",2015,"2015",0,"Income In The Past 12 Months Below Poverty Level",9313,855.0000000000001,"Austin, TX","16000US4805000","austin-tx",0.05963716933165131
8,"35 to 44 Years",1,"Female",2015,"2015",0,"Income In The Past 12 Months Below Poverty Level",9518,801,"Austin, TX","16000US4805000","austin-tx",0.06094991707276465
4,"15 Years",0,"Male",2015,"2015",0,"Income In The Past 12 Months Below Poverty Level",941,212,"Austin, TX","16000US4805000","austin-tx",0.0060258323140861035
10,"55 to 64 Years",1,"Female",2015,"2015",0,"Income In The Past 12 Months Below Poverty Level",4385,427.99999999999994,"Austin, TX","16000US4805000","austin-tx",0.028079994364790185
2,"6 to 11 Years",1,"Female",2015,"2015",0,"Income In The Past 12 Months Below Poverty Level",8670,824,"Austin, TX","16000US4805000","austin-tx",0.05551962397781777
9,"45 to 54 Years",0,"Male",2015,"2015",0,"Income In The Past 12 Months Below Poverty Level",5733,577,"Austin, TX","16000US4805000","austin-tx",0.036712111218550086
3,"12 to 14 Years",1,"Female",2015,"2015",0,"Income In The Past 12 Months Below Poverty Level",2740,338,"Austin, TX","16000US4805000","austin-tx",0.017545994198295348
10,"55 to 64 Years",0,"Male",2015,"2015",0,"Income In The Past 12 Months Below Poverty Level",4121,512,"Austin, TX","16000US4805000","austin-tx",0.02638943142013691
3,"12 to 14 Years",0,"Male",2015,"2015",0,"Income In The Past 12 Months Below Poverty Level",3131,430.00000000000006,"Austin, TX","16000US4805000","austin-tx",0.02004982037768713
8,"35 to 44 Years",0,"Male",2014,"2014",0,"Income In The Past 12 Months Below Poverty Level",7425,640,"Austin, TX","16000US4805000","austin-tx",0.04614036614011757
6,"18 to 24 Years",1,"Female",2014,"2014",0,"Income In The Past 12 Months Below Poverty Level",20718,1219,"Austin, TX","16000US4805000","austin-tx",0.1287456034600614
3,"12 to 14 Years",0,"Male",2014,"2014",0,"Income In The Past 12 Months Below Poverty Level",3233,470,"Austin, TX","16000US4805000","austin-tx",0.020090478616969713
10,"55 to 64 Years",0,"Male",2014,"2014",0,"Income In The Past 12 Months Below Poverty Level",4187,527,"Austin, TX","16000US4805000","austin-tx",0.02601881656951815
3,"12 to 14 Years",1,"Female",2014,"2014",0,"Income In The Past 12 Months Below Poverty Level",3124,479,"Austin, TX","16000US4805000","austin-tx",0.01941313182784206
9,"45 to 54 Years",0,"Male",2014,"2014",0,"Income In The Past 12 Months Below Poverty Level",5564,507,"Austin, TX","16000US4805000","austin-tx",0.03457575719913995
2,"6 to 11 Years",1,"Female",2014,"2014",0,"Income In The Past 12 Months Below Poverty Level",8790,649,"Austin, TX","16000US4805000","austin-tx",0.05462273648102808
10,"55 to 64 Years",1,"Female",2014,"2014",0,"Income In The Past 12 Months Below Poverty Level",4140,430.00000000000006,"Austin, TX","16000US4805000","austin-tx",0.025726749605398887
4,"15 Years",0,"Male",2014,"2014",0,"Income In The Past 12 Months Below Poverty Level",863,231.99999999999997,"Austin, TX","16000US4805000","austin-tx",0.0053628465964877395
8,"35 to 44 Years",1,"Female",2014,"2014",0,"Income In The Past 12 Months Below Poverty Level",9432,822,"Austin, TX","16000US4805000","austin-tx",0.05861224692708269
2,"6 to 11 Years",0,"Male",2014,"2014",0,"Income In The Past 12 Months Below Poverty Level",9518,777,"Austin, TX","16000US4805000","austin-tx",0.05914666732951368
11,"65 to 74 Years",0,"Male",2014,"2014",0,"Income In The Past 12 Months Below Poverty Level",1410,265,"Austin, TX","16000US4805000","austin-tx",0.008762008923577883
4,"15 Years",1,"Female",2014,"2014",0,"Income In The Past 12 Months Below Poverty Level",790,167,"Austin, TX","16000US4805000","austin-tx",0.004909210673493991
9,"45 to 54 Years",1,"Female",2014,"2014",0,"Income In The Past 12 Months Below Poverty Level",6224,589,"Austin, TX","16000US4805000","austin-tx",0.038677123078261516
1,"5 Years",1,"Female",2014,"2014",0,"Income In The Past 12 Months Below Poverty Level",1641,315,"Austin, TX","16000US4805000","austin-tx",0.01019748698127043
11,"65 to 74 Years",1,"Female",2014,"2014",0,"Income In The Past 12 Months Below Poverty Level",1826,342,"Austin, TX","16000US4805000","austin-tx",0.011347112265569654
5,"16 & 17 Years",0,"Male",2014,"2014",0,"Income In The Past 12 Months Below Poverty Level",1791,315,"Austin, TX","16000US4805000","austin-tx",0.011129615590161693
7,"25 to 34 Years",1,"Female",2014,"2014",0,"Income In The Past 12 Months Below Poverty Level",16566,908.9999999999999,"Austin, TX","16000US4805000","austin-tx",0.1029442835659512
1,"5 Years",0,"Male",2014,"2014",0,"Income In The Past 12 Months Below Poverty Level",1440,285,"Austin, TX","16000US4805000","austin-tx",0.008948434645356135
12,"75 Years & Over",0,"Male",2014,"2014",0,"Income In The Past 12 Months Below Poverty Level",568,160,"Austin, TX","16000US4805000","austin-tx",0.00352966033233492
5,"16 & 17 Years",1,"Female",2014,"2014",0,"Income In The Past 12 Months Below Poverty Level",1827,385,"Austin, TX","16000US4805000","austin-tx",0.011353326456295597
7,"25 to 34 Years",0,"Male",2014,"2014",0,"Income In The Past 12 Months Below Poverty Level",12839,908.9999999999999,"Austin, TX","16000US4805000","austin-tx",0.07978399473036626
0,"Under 5 Years",1,"Female",2014,"2014",0,"Income In The Past 12 Months Below Poverty Level",8266,690,"Austin, TX","16000US4805000","austin-tx",0.051366500540634595
12,"75 Years & Over",1,"Female",2014,"2014",0,"Income In The Past 12 Months Below Poverty Level",1702,235,"Austin, TX","16000US4805000","austin-tx",0.010576552615552877
6,"18 to 24 Years",0,"Male",2014,"2014",0,"Income In The Past 12 Months Below Poverty Level",18651,1230,"Austin, TX","16000US4805000","austin-tx",0.11590087122953978
0,"Under 5 Years",0,"Male",2014,"2014",0,"Income In The Past 12 Months Below Poverty Level",8387,617,"Austin, TX","16000US4805000","austin-tx",0.05211841761847354
5,"16 & 17 Years",1,"Female",2013,"2013",0,"Income In The Past 12 Months Below Poverty Level",1602,290,"Austin, TX","16000US4805000","austin-tx",0.010269494089592041
10,"55 to 64 Years",1,"Female",2013,"2013",0,"Income In The Past 12 Months Below Poverty Level",3917,441,"Austin, TX","16000US4805000","austin-tx",0.025109618195338343
8,"35 to 44 Years",1,"Female",2013,"2013",0,"Income In The Past 12 Months Below Poverty Level",8812,527,"Austin, TX","16000US4805000","austin-tx",0.056488627913536246
3,"12 to 14 Years",1,"Female",2013,"2013",0,"Income In The Past 12 Months Below Poverty Level",2861,414,"Austin, TX","16000US4805000","austin-tx",0.01834021385163722
7,"25 to 34 Years",0,"Male",2013,"2013",0,"Income In The Past 12 Months Below Poverty Level",12529,855.0000000000001,"Austin, TX","16000US4805000","austin-tx",0.08031616195287059
4,"15 Years",1,"Female",2013,"2013",0,"Income In The Past 12 Months Below Poverty Level",678,160,"Austin, TX","16000US4805000","austin-tx",0.00434626528885356
11,"65 to 74 Years",0,"Male",2013,"2013",0,"Income In The Past 12 Months Below Poverty Level",1265,230,"Austin, TX","16000US4805000","austin-tx",0.008109182286725301
1,"5 Years",0,"Male",2013,"2013",0,"Income In The Past 12 Months Below Poverty Level",1568,304,"Austin, TX","16000US4805000","austin-tx",0.010051539783071361
9,"45 to 54 Years",0,"Male",2013,"2013",0,"Income In The Past 12 Months Below Poverty Level",4935,485.00000000000006,"Austin, TX","16000US4805000","austin-tx",0.0316354265493987
0,"Under 5 Years",0,"Male",2013,"2013",0,"Income In The Past 12 Months Below Poverty Level",8346,805,"Austin, TX","16000US4805000","austin-tx",0.053501371830046926
6,"18 to 24 Years",0,"Male",2013,"2013",0,"Income In The Past 12 Months Below Poverty Level",18871,1118,"Austin, TX","16000US4805000","austin-tx",0.12097105053975743
11,"65 to 74 Years",1,"Female",2013,"2013",0,"Income In The Past 12 Months Below Poverty Level",1474,308,"Austin, TX","16000US4805000","austin-tx",0.009448960229749481
7,"25 to 34 Years",1,"Female",2013,"2013",0,"Income In The Past 12 Months Below Poverty Level",15922,872,"Austin, TX","16000US4805000","austin-tx",0.10206671965947844
3,"12 to 14 Years",0,"Male",2013,"2013",0,"Income In The Past 12 Months Below Poverty Level",2955,461.00000000000006,"Austin, TX","16000US4805000","austin-tx",0.0189427934049591
9,"45 to 54 Years",1,"Female",2013,"2013",0,"Income In The Past 12 Months Below Poverty Level",5739,539,"Austin, TX","16000US4805000","austin-tx",0.036789404856534785
1,"5 Years",1,"Female",2013,"2013",0,"Income In The Past 12 Months Below Poverty Level",1483,269,"Austin, TX","16000US4805000","austin-tx",0.00950665401676966
12,"75 Years & Over",0,"Male",2013,"2013",0,"Income In The Past 12 Months Below Poverty Level",459,138,"Austin, TX","16000US4805000","austin-tx",0.0029423831380291803
5,"16 & 17 Years",0,"Male",2013,"2013",0,"Income In The Past 12 Months Below Poverty Level",1929,396,"Austin, TX","16000US4805000","austin-tx",0.012365701684658581
4,"15 Years",0,"Male",2013,"2013",0,"Income In The Past 12 Months Below Poverty Level",861,222,"Austin, TX","16000US4805000","austin-tx",0.00551937229159722
8,"35 to 44 Years",0,"Male",2013,"2013",0,"Income In The Past 12 Months Below Poverty Level",6977,584,"Austin, TX","16000US4805000","austin-tx",0.04472550578219955
10,"55 to 64 Years",0,"Male",2013,"2013",0,"Income In The Past 12 Months Below Poverty Level",3666,378,"Austin, TX","16000US4805000","austin-tx",0.02350060257955332
12,"75 Years & Over",1,"Female",2013,"2013",0,"Income In The Past 12 Months Below Poverty Level",1948,277,"Austin, TX","16000US4805000","austin-tx",0.012487499679478962
2,"6 to 11 Years",1,"Female",2013,"2013",0,"Income In The Past 12 Months Below Poverty Level",8901,806,"Austin, TX","16000US4805000","austin-tx",0.057059155362958025
2,"6 to 11 Years",0,"Male",2013,"2013",0,"Income In The Past 12 Months Below Poverty Level",9004,700,"Austin, TX","16000US4805000","austin-tx",0.05771942870330009
0,"Under 5 Years",1,"Female",2013,"2013",0,"Income In The Past 12 Months Below Poverty Level",7989,698,"Austin, TX","16000US4805000","austin-tx",0.051212851611579784
6,"18 to 24 Years",1,"Female",2013,"2013",0,"Income In The Past 12 Months Below Poverty Level",21305,1278,"Austin, TX","16000US4805000","austin-tx",0.13657401471832611