{
    "release": {
        "id": "acs2017_1yr",
        "name": "ACS 2017 1-year",
        "years": "2017"
    },
    "tables": {
        "B19001": {
            "title": "Household Income in the Past 12 Months (In 2017 Inflation-adjusted Dollars)",
            "universe": "Households",
            "denominator_column_id": "B19001001",
            "columns": {
                "B19001001": {
                    "name": "Total:",
                    "indent": 0
                },
                "B19001002": {
                    "name": "Less than $10,000",
                    "indent": 1
                },
                "B19001003": {
                    "name": "$10,000 to $14,999",
                    "indent": 1
                },
                "B19001004": {
                    "name": "$15,000 to $19,999",
                    "indent": 1
                },
                "B19001005": {
                    "name": "$20,000 to $24,999",
                    "indent": 1
                },
                "B19001006": {
                    "name": "$25,000 to $29,999",
                    "indent": 1
                },
                "B19001007": {
                    "name": "$30,000 to $34,999",
                    "indent": 1
                },
                "B19001008": {
                    "name": "$35,000 to $39,999",
                    "indent": 1
                },
                "B19001009": {
                    "name": "$40,000 to $44,999",
                    "indent": 1
                },
                "B19001010": {
                    "name": "$45,000 to $49,999",
                    "indent": 1
                },
                "B19001011": {
                    "name": "$50,000 to $59,999",
                    "indent": 1
                },
                "B19001012": {
                    "name": "$60,000 to $74,999",
                    "indent": 1
                },
                "B19001013": {
                    "name": "$75,000 to $99,999",
                    "indent": 1
                },
                "B19001014": {
                    "name": "$100,000 to $124,999",
                    "indent": 1
                },
                "B19001015": {
                    "name": "$125,000 to $149,999",
                    "indent": 1
                },
                "B19001016": {
                    "name": "$150,000 to $199,999",
                    "indent": 1
                },
                "B19001017": {
                    "name": "$200,000 or more",
                    "indent": 1
                }
            }
        }
    }
}