{
    "release": {
        "id": "acs2017_1yr",
        "name": "ACS 2017 1-year",
        "years": "2017"
    },
    "tables": {
        "B25026": {
            "title": "Total Population in Occupied Housing Units by Tenure by Year Householder Moved Into Unit",
            "universe": "Total Population in Occupied Housing Units",
            "denominator_column_id": "B25026001",
            "columns": {
                "B25026001": {
                    "name": "Total population in occupied housing units:",
                    "indent": 0
                },
                "B25026002": {
                    "name": "Owner occupied:",
                    "indent": 1
                },
                "B25026003": {
                    "name": "Moved in 2015 or later",
                    "indent": 2
                },
                "B25026004": {
                    "name": "Moved in 2010 to 2014",
                    "indent": 2
                },
                "B25026005": {
                    "name": "Moved in 2000 to 2009",
                    "indent": 2
                },
                "B25026006": {
                    "name": "Moved in 1990 to 1999",
                    "indent": 2
                },
                "B25026007": {
                    "name": "Moved in 1980 to 1989",
                    "indent": 2
                },
                "B25026008": {
                    "name": "Moved in 1979 or earlier",
                    "indent": 2
                },
                "B25026009": {
                    "name": "Renter occupied:",
                    "indent": 1
                },
                "B25026010": {
                    "name": "Moved in 2015 or later",
                    "indent": 2
                },
                "B25026011": {
                    "name": "Moved in 2010 to 2014",
                    "indent": 2
                },
                "B25026012": {
                    "name": "Moved in 2000 to 2009",
                    "indent": 2
                },
                "B25026013": {
                    "name": "Moved in 1990 to 1999",
                    "indent": 2
                },
                "B25026014": {
                    "name": "Moved in 1980 to 1989",
                    "indent": 2
                },
                "B25026015": {
                    "name": "Moved in 1979 or earlier",
                    "indent": 2
                }
            }
        }
    }
}